{"cameraMode":{"drawMode":0,"name":"Shaded","section":"Shading Mode"},"sceneLighting":true,"audioPlay":false,"sceneViewState":{"m_AlwaysRefresh":false,"showFog":true,"showSkybox":true,"showFlares":true,"showImageEffects":true,"showParticleSystems":true,"showVisualEffectGraphs":true,"m_FxEnabled":true},"in2DMode":false,"pivot":{"x":0.6851892471313477,"y":-0.22409629821777345,"z":-0.49927330017089846},"rotation":{"x":-0.08452768623828888,"y":0.9064555168151856,"z":-0.21780307590961457,"w":-0.35178834199905398},"size":5.00230598449707,"orthographic":false}